ENM-Organics-Ratio	Avg-Random-Augment	Std-Random-Augment	Avg-Unsupervised-Match	Std-Unsupervised-Match	Avg-Supervised-Match	Std-Supervised-Match
1:0*	0.4033948531865199	0.047404259118933485	NaN	NaN	NaN	NaN
1:0	0.7038809642976309	0.7038809642976309	0.7038809642976309	0.7038809642976309	NaN	NaN
1:1	0.6676336058280503	0.6676336058280503	0.7086294627961295	0.7086294627961295	0.6971902458013569	0.6971902458013569
1:2	0.6676447280613947	0.6676447280613947	0.6873387276165054	0.6873387276165054	0.6601045489934378	0.6601045489934378
1:3	0.6575624235346458	0.6575624235346458	0.7039803692581471	0.7039803692581471	0.6710995717940161	0.6710995717940161
1:4	0.6805347013680348	0.6805347013680348	0.7120530252474696	0.7120530252474696	0.6687645979312645	0.6687645979312645
1:5	0.6835780224669114	0.6835780224669114	0.7128774607941274	0.7128774607941274	0.6744758647536425	0.6744758647536425
1:10	0.5893163997330664	0.5893163997330664	0.6478638360582805	0.6478638360582805	0.6573100878656435	0.6573100878656435
1:20	0.71	0.017	0.6816406684462241	0.6816406684462241	0.679295962629296	0.679295962629296
