ENM-Organics-Ratio	Avg-Random-Augment	Std-Random-Augment	Avg-Unsupervised-Match	Std-Unsupervised-Match	Avg-Supervised-Match	Std-Supervised-Match
1:0*	0.4033948531865199	0.047404259118933485	NaN	NaN	NaN	NaN
1:0	0.713	0.009	NaN	NaN	NaN	NaN
1:1	0.7140000000000001	0.014	0.733	0.011	0.713	0.012
1:2	0.716	0.012	0.718	0.006	0.6940000000000001	0.008
1:3	0.716	0.016	0.7390000000000001	0.009000000000000001	0.716	0.006999999999999999
1:4	0.72	0.014	0.736	0.008	0.7290000000000001	0.01
1:5	0.716	0.014	0.757	0.011	0.721	0.006999999999999999
1:10	0.721	0.013999999999999999	0.7509999999999999	0.006999999999999999	0.728	0.01
1:20	0.71	0.017	0.711	0.01	0.7020000000000001	0.01
